{"musicVolume":0.2062416970729828,"pitch":1.002190113067627,"globalVolume":0.11995422840118408}