{"musicVolume":0.19226765632629395,"pitch":1.002190113067627,"globalVolume":1.0}