{"musicVolume":0.1637030690908432,"pitch":1.002190113067627,"globalVolume":0.5028022527694702}