{"musicVolume":0.8159626126289368,"pitch":0.9880106449127197,"globalVolume":0.6871364712715149}