{"musicVolume":0.3355828523635864,"pitch":1.0006828308105469,"globalVolume":1.0}