{"musicVolume":0.0,"pitch":1.002190113067627,"globalVolume":0.30047526955604555}