{"musicVolume":0.9082428812980652,"pitch":1.002190113067627,"globalVolume":0.30047526955604555}